[{"id":1,"namespace":"First-sample-dataset","selectedTempFiles":["19. Practice and Procedure.pdf","17. Remedies.pdf"]},{"id":1,"namespace":"frrr","selectedTempFiles":["sal-doc.pdf"]},{"id":1,"namespace":"frrr","selectedTempFiles":["sal-doc.pdf"]},{"id":1,"namespace":"lol","selectedTempFiles":["sal-doc.pdf"]},{"id":1,"namespace":"lol","selectedTempFiles":["Tharu-age-doc.pdf","Tharu-doc.pdf"]},{"id":1,"namespace":"lol","selectedTempFiles":["sal-doc.pdf"]},{"id":1,"namespace":"","selectedTempFiles":[]},{"id":1,"namespace":"","selectedTempFiles":[]},{"id":1,"namespace":"","selectedTempFiles":[]},{"id":1,"namespace":"","selectedTempFiles":["Documentation to host on Google cloud and deploy using Zeet (2).pdf","Documentation to deploy with render.com.pdf"]},{"id":1,"namespace":"","selectedTempFiles":["Intensive Programme Timetable.pdf"]},{"id":1,"namespace":"","selectedTempFiles":["sal-doc.pdf","Tharu-age-doc.pdf","Tharu-doc.pdf"]},{"id":1,"namespace":"","selectedTempFiles":["Ten Types of Innovation.pdf"]},{"id":1,"namespace":"","selectedTempFiles":["The Lean Startup.pdf"]},{"id":1,"namespace":"","selectedTempFiles":["pdf-sample.pdf"]}]